observation_date,Unemployment,Treasury_10Y,Fed_Funds_Rate,Inflation
2000-01-01,4.0,6.66,5.45,2.79
2000-02-01,4.1,6.52,5.73,3.22
2000-03-01,4.0,6.26,5.85,3.76
2000-04-01,3.8,5.99,6.02,3.01
2000-05-01,4.0,6.44,6.27,3.13
2000-06-01,4.0,6.1,6.53,3.73
2000-07-01,4.0,6.05,6.54,3.6
2000-08-01,4.1,5.83,6.5,3.35
2000-09-01,3.9,5.8,6.52,3.46
2000-10-01,3.9,5.74,6.51,3.45
2000-11-01,3.9,5.72,6.51,3.44
2000-12-01,3.9,5.24,6.4,3.44
2001-01-01,4.2,5.16,5.98,3.72
2001-02-01,4.2,5.1,5.49,3.53
2001-03-01,4.3,4.89,5.31,2.98
2001-04-01,4.4,5.14,4.8,3.22
2001-05-01,4.3,5.39,4.21,3.56
2001-06-01,4.5,5.28,3.97,3.19
2001-07-01,4.6,5.24,3.77,2.72
2001-08-01,4.9,4.97,3.65,2.72
2001-09-01,5.0,4.73,3.07,2.59
2001-10-01,5.3,4.57,2.49,2.13
2001-11-01,5.5,4.65,2.09,1.89
2001-12-01,5.7,5.09,1.82,1.6
2002-01-01,5.7,5.04,1.73,1.2
2002-02-01,5.7,4.91,1.74,1.14
2002-03-01,5.7,5.28,1.73,1.36
2002-04-01,5.9,5.21,1.75,1.64
2002-05-01,5.8,5.16,1.75,1.24
2002-06-01,5.8,4.93,1.75,1.07
2002-07-01,5.8,4.65,1.73,1.47
2002-08-01,5.7,4.26,1.74,1.75
2002-09-01,5.7,3.87,1.75,1.52
2002-10-01,5.7,3.94,1.75,2.03
2002-11-01,5.9,4.05,1.34,2.25
2002-12-01,6.0,4.03,1.24,2.48
2003-01-01,5.8,4.05,1.24,2.76
2003-02-01,5.9,3.9,1.26,3.15
2003-03-01,5.9,3.81,1.25,3.03
2003-04-01,6.0,3.96,1.26,2.18
2003-05-01,6.1,3.57,1.26,1.89
2003-06-01,6.3,3.33,1.22,1.95
2003-07-01,6.2,3.98,1.01,2.06
2003-08-01,6.1,4.45,1.03,2.22
2003-09-01,6.1,4.27,1.01,2.38
2003-10-01,6.0,4.29,1.01,2.04
2003-11-01,5.8,4.3,1.0,1.93
2003-12-01,5.7,4.27,0.98,2.04
2004-01-01,5.7,4.15,1.0,2.03
2004-02-01,5.6,4.08,1.01,1.69
2004-03-01,5.8,3.83,1.0,1.74
2004-04-01,5.6,4.35,1.0,2.29
2004-05-01,5.6,4.72,1.0,2.9
2004-06-01,5.6,4.73,1.03,3.17
2004-07-01,5.5,4.5,1.26,2.94
2004-08-01,5.4,4.28,1.43,2.55
2004-09-01,5.4,4.13,1.61,2.54
2004-10-01,5.5,4.1,1.76,3.19
2004-11-01,5.4,4.19,1.93,3.62
2004-12-01,5.4,4.23,2.16,3.34
2005-01-01,5.3,4.22,2.28,2.84
2005-02-01,5.4,4.17,2.5,3.05
2005-03-01,5.2,4.5,2.63,3.21
2005-04-01,5.2,4.34,2.79,3.36
2005-05-01,5.1,4.14,3.0,2.87
2005-06-01,5.0,4.0,3.04,2.54
2005-07-01,5.0,4.18,3.26,3.07
2005-08-01,4.9,4.26,3.5,3.65
2005-09-01,5.0,4.2,3.62,4.74
2005-10-01,5.0,4.46,3.78,4.35
2005-11-01,5.0,4.54,4.0,3.34
2005-12-01,4.9,4.47,4.16,3.34
2006-01-01,4.7,4.42,4.29,4.02
2006-02-01,4.8,4.57,4.49,3.64
2006-03-01,4.7,4.72,4.59,3.42
2006-04-01,4.7,4.99,4.79,3.61
2006-05-01,4.6,5.11,4.94,3.98
2006-06-01,4.6,5.11,4.99,4.18
2006-07-01,4.7,5.09,5.24,4.1
2006-08-01,4.7,4.88,5.25,3.93
2006-09-01,4.5,4.72,5.25,2.01
2006-10-01,4.4,4.73,5.25,1.41
2006-11-01,4.5,4.6,5.25,1.97
2006-12-01,4.4,4.56,5.24,2.52
2007-01-01,4.6,4.76,5.25,2.08
2007-02-01,4.5,4.72,5.26,2.42
2007-03-01,4.4,4.56,5.26,2.8
2007-04-01,4.5,4.69,5.25,2.59
2007-05-01,4.4,4.75,5.25,2.71
2007-06-01,4.6,5.1,5.25,2.69
2007-07-01,4.7,5.0,5.26,2.32
2007-08-01,4.6,4.67,5.02,1.9
2007-09-01,4.7,4.52,4.94,2.83
2007-10-01,4.7,4.53,4.76,3.61
2007-11-01,4.7,4.15,4.49,4.37
2007-12-01,5.0,4.1,4.24,4.11
2008-01-01,5.0,3.74,3.94,4.29
2008-02-01,4.9,3.74,2.98,4.14
2008-03-01,5.1,3.51,2.61,3.97
2008-04-01,5.0,3.68,2.28,3.9
2008-05-01,5.4,3.88,1.98,4.09
2008-06-01,5.6,4.1,2.0,4.94
2008-07-01,5.8,4.01,2.01,5.5
2008-08-01,6.1,3.89,2.0,5.31
2008-09-01,6.1,3.69,1.81,4.95
2008-10-01,6.5,3.81,0.97,3.73
2008-11-01,6.8,3.53,0.39,1.1
2008-12-01,7.3,2.42,0.16,-0.02
2009-01-01,7.8,2.52,0.15,-0.11
2009-02-01,8.3,2.87,0.22,0.01
2009-03-01,8.7,2.82,0.18,-0.45
2009-04-01,9.0,2.93,0.15,-0.58
2009-05-01,9.4,3.29,0.18,-1.02
2009-06-01,9.5,3.72,0.21,-1.23
2009-07-01,9.5,3.56,0.16,-1.96
2009-08-01,9.6,3.59,0.16,-1.48
2009-09-01,9.8,3.4,0.15,-1.38
2009-10-01,10.0,3.39,0.12,-0.22
2009-11-01,9.9,3.4,0.12,1.91
2009-12-01,9.9,3.59,0.12,2.81
2010-01-01,9.8,3.73,0.11,2.62
2010-02-01,9.8,3.69,0.13,2.15
2010-03-01,9.9,3.73,0.16,2.29
2010-04-01,9.9,3.85,0.2,2.21
2010-05-01,9.6,3.42,0.2,2.0
2010-06-01,9.4,3.2,0.18,1.12
2010-07-01,9.4,3.01,0.18,1.34
2010-08-01,9.5,2.7,0.19,1.15
2010-09-01,9.5,2.65,0.19,1.12
2010-10-01,9.4,2.54,0.19,1.17
2010-11-01,9.8,2.76,0.19,1.08
2010-12-01,9.3,3.29,0.18,1.44
2011-01-01,9.1,3.39,0.17,1.7
2011-02-01,9.0,3.58,0.16,2.12
2011-03-01,9.0,3.41,0.14,2.62
2011-04-01,9.1,3.46,0.1,3.08
2011-05-01,9.0,3.17,0.09,3.46
2011-06-01,9.1,3.0,0.09,3.5
2011-07-01,9.0,3.0,0.07,3.58
2011-08-01,9.0,2.3,0.1,3.75
2011-09-01,9.0,1.98,0.08,3.81
2011-10-01,8.8,2.15,0.07,3.52
2011-11-01,8.6,2.01,0.08,3.45
2011-12-01,8.5,1.98,0.07,3.06
2012-01-01,8.3,1.97,0.08,3.01
2012-02-01,8.3,1.97,0.1,2.9
2012-03-01,8.2,2.17,0.13,2.58
2012-04-01,8.2,2.05,0.14,2.27
2012-05-01,8.2,1.8,0.16,1.74
2012-06-01,8.2,1.62,0.16,1.65
2012-07-01,8.2,1.53,0.16,1.42
2012-08-01,8.1,1.68,0.13,1.69
2012-09-01,7.8,1.72,0.14,1.95
2012-10-01,7.8,1.75,0.16,2.16
2012-11-01,7.7,1.65,0.16,1.8
2012-12-01,7.9,1.72,0.16,1.76
2013-01-01,8.0,1.91,0.14,1.68
2013-02-01,7.7,1.98,0.15,2.02
2013-03-01,7.5,1.96,0.14,1.52
2013-04-01,7.6,1.76,0.15,1.14
2013-05-01,7.5,1.93,0.11,1.39
2013-06-01,7.5,2.3,0.09,1.72
2013-07-01,7.3,2.58,0.09,1.89
2013-08-01,7.2,2.74,0.08,1.54
2013-09-01,7.2,2.81,0.08,1.09
2013-10-01,7.2,2.62,0.09,0.88
2013-11-01,6.9,2.72,0.08,1.23
2013-12-01,6.7,2.9,0.09,1.51
2014-01-01,6.6,2.86,0.07,1.56
2014-02-01,6.7,2.71,0.07,1.12
2014-03-01,6.7,2.72,0.08,1.61
2014-04-01,6.2,2.71,0.09,2.02
2014-05-01,6.3,2.56,0.09,2.17
2014-06-01,6.1,2.6,0.1,2.06
2014-07-01,6.2,2.54,0.09,1.97
2014-08-01,6.1,2.42,0.09,1.72
2014-09-01,5.9,2.53,0.09,1.68
2014-10-01,5.7,2.3,0.09,1.61
2014-11-01,5.8,2.33,0.09,1.23
2014-12-01,5.6,2.21,0.12,0.65
2015-01-01,5.7,1.88,0.11,-0.23
2015-02-01,5.5,1.98,0.11,-0.09
2015-03-01,5.4,2.04,0.11,-0.02
2015-04-01,5.4,1.94,0.12,-0.1
2015-05-01,5.6,2.2,0.12,0.04
2015-06-01,5.3,2.36,0.13,0.18
2015-07-01,5.2,2.32,0.13,0.23
2015-08-01,5.1,2.17,0.14,0.24
2015-09-01,5.0,2.17,0.14,0.01
2015-10-01,5.0,2.07,0.12,0.13
2015-11-01,5.1,2.26,0.12,0.44
2015-12-01,5.0,2.24,0.24,0.64
2016-01-01,4.8,2.09,0.34,1.24
2016-02-01,4.9,1.78,0.38,0.85
2016-03-01,5.0,1.89,0.36,0.89
2016-04-01,5.1,1.81,0.37,1.17
2016-05-01,4.8,1.81,0.37,1.08
2016-06-01,4.9,1.64,0.38,1.08
2016-07-01,4.8,1.5,0.39,0.87
2016-08-01,4.9,1.56,0.4,1.06
2016-09-01,5.0,1.63,0.4,1.55
2016-10-01,4.9,1.76,0.4,1.69
2016-11-01,4.7,2.14,0.41,1.68
2016-12-01,4.7,2.49,0.54,2.05
2017-01-01,4.7,2.43,0.65,2.51
2017-02-01,4.6,2.42,0.66,2.81
2017-03-01,4.4,2.48,0.79,2.44
2017-04-01,4.4,2.3,0.9,2.18
2017-05-01,4.4,2.3,0.91,1.86
2017-06-01,4.3,2.19,1.04,1.64
2017-07-01,4.3,2.32,1.15,1.73
2017-08-01,4.4,2.21,1.16,1.93
2017-09-01,4.3,2.2,1.15,2.18
2017-10-01,4.2,2.36,1.15,2.02
2017-11-01,4.2,2.35,1.16,2.17
2017-12-01,4.1,2.4,1.3,2.13
2018-01-01,4.0,2.58,1.41,2.15
2018-02-01,4.1,2.86,1.42,2.26
2018-03-01,4.0,2.84,1.51,2.33
2018-04-01,4.0,2.87,1.69,2.47
2018-05-01,3.8,2.98,1.7,2.78
2018-06-01,4.0,2.91,1.82,2.81
2018-07-01,3.8,2.89,1.91,2.85
2018-08-01,3.8,2.89,1.91,2.64
2018-09-01,3.7,3.0,1.95,2.33
2018-10-01,3.8,3.15,2.19,2.49
2018-11-01,3.8,3.12,2.2,2.15
2018-12-01,3.9,2.83,2.27,2.0
2019-01-01,4.0,2.71,2.4,1.49
2019-02-01,3.8,2.68,2.4,1.52
2019-03-01,3.8,2.57,2.41,1.88
2019-04-01,3.7,2.53,2.42,2.0
2019-05-01,3.6,2.4,2.39,1.8
2019-06-01,3.6,2.07,2.38,1.67
2019-07-01,3.7,2.06,2.4,1.83
2019-08-01,3.6,1.63,2.13,1.74
2019-09-01,3.5,1.7,2.04,1.68
2019-10-01,3.6,1.71,1.83,1.73
2019-11-01,3.6,1.81,1.55,2.09
2019-12-01,3.6,1.86,1.55,2.32
