observation_date,UNRATE,CPIAUCSL,DGS10,DFF
1999-01-01,4.3,164.700,4.72,4.63
1999-02-01,4.4,164.700,5.00,4.76
1999-03-01,4.2,164.800,5.23,4.81
1999-04-01,4.3,165.900,5.18,4.74
1999-05-01,4.2,166.000,5.54,4.74
1999-06-01,4.3,166.000,5.90,4.76
1999-07-01,4.3,166.700,5.79,4.99
1999-08-01,4.2,167.100,5.94,5.07
1999-09-01,4.2,167.800,5.92,5.22
1999-10-01,4.1,168.100,6.11,5.20
1999-11-01,4.1,168.400,6.03,5.42
1999-12-01,4.0,168.800,6.28,5.30
2000-01-01,4.0,169.300,6.66,5.45
2000-02-01,4.1,170.000,6.52,5.73
2000-03-01,4.0,171.000,6.26,5.85
2000-04-01,3.8,170.900,5.99,6.02
2000-05-01,4.0,171.200,6.44,6.27
2000-06-01,4.0,172.200,6.10,6.53
2000-07-01,4.0,172.700,6.05,6.54
2000-08-01,4.1,172.700,5.83,6.50
2000-09-01,3.9,173.600,5.80,6.52
2000-10-01,3.9,173.900,5.74,6.51
2000-11-01,3.9,174.200,5.72,6.51
2000-12-01,3.9,174.600,5.24,6.40
2001-01-01,4.2,175.600,5.16,5.98
2001-02-01,4.2,176.000,5.10,5.49
2001-03-01,4.3,176.100,4.89,5.31
2001-04-01,4.4,176.400,5.14,4.80
2001-05-01,4.3,177.300,5.39,4.21
2001-06-01,4.5,177.700,5.28,3.97
2001-07-01,4.6,177.400,5.24,3.77
2001-08-01,4.9,177.400,4.97,3.65
2001-09-01,5.0,178.100,4.73,3.07
2001-10-01,5.3,177.600,4.57,2.49
2001-11-01,5.5,177.500,4.65,2.09
2001-12-01,5.7,177.400,5.09,1.82
2002-01-01,5.7,177.700,5.04,1.73
2002-02-01,5.7,178.000,4.91,1.74
2002-03-01,5.7,178.500,5.28,1.73
2002-04-01,5.9,179.300,5.21,1.75
2002-05-01,5.8,179.500,5.16,1.75
2002-06-01,5.8,179.600,4.93,1.75
2002-07-01,5.8,180.000,4.65,1.73
2002-08-01,5.7,180.500,4.26,1.74
2002-09-01,5.7,180.800,3.87,1.75
2002-10-01,5.7,181.200,3.94,1.75
2002-11-01,5.9,181.500,4.05,1.34
2002-12-01,6.0,181.800,4.03,1.24
2003-01-01,5.8,182.600,4.05,1.24
2003-02-01,5.9,183.600,3.90,1.26
2003-03-01,5.9,183.900,3.81,1.25
2003-04-01,6.0,183.200,3.96,1.26
2003-05-01,6.1,182.900,3.57,1.26
2003-06-01,6.3,183.100,3.33,1.22
2003-07-01,6.2,183.700,3.98,1.01
2003-08-01,6.1,184.500,4.45,1.03
2003-09-01,6.1,185.100,4.27,1.01
2003-10-01,6.0,184.900,4.29,1.01
2003-11-01,5.8,185.000,4.30,1.00
2003-12-01,5.7,185.500,4.27,0.98
2004-01-01,5.7,186.300,4.15,1.00
2004-02-01,5.6,186.700,4.08,1.01
2004-03-01,5.8,187.100,3.83,1.00
2004-04-01,5.6,187.400,4.35,1.00
2004-05-01,5.6,188.200,4.72,1.00
2004-06-01,5.6,188.900,4.73,1.03
2004-07-01,5.5,189.100,4.50,1.26
2004-08-01,5.4,189.200,4.28,1.43
2004-09-01,5.4,189.800,4.13,1.61
2004-10-01,5.5,190.800,4.10,1.76
2004-11-01,5.4,191.700,4.19,1.93
2004-12-01,5.4,191.700,4.23,2.16
2005-01-01,5.3,191.600,4.22,2.28
2005-02-01,5.4,192.400,4.17,2.50
2005-03-01,5.2,193.100,4.50,2.63
2005-04-01,5.2,193.700,4.34,2.79
2005-05-01,5.1,193.600,4.14,3.00
2005-06-01,5.0,193.700,4.00,3.04
2005-07-01,5.0,194.900,4.18,3.26
2005-08-01,4.9,196.100,4.26,3.50
2005-09-01,5.0,198.800,4.20,3.62
2005-10-01,5.0,199.100,4.46,3.78
2005-11-01,5.0,198.100,4.54,4.00
2005-12-01,4.9,198.100,4.47,4.16
2006-01-01,4.7,199.300,4.42,4.29
2006-02-01,4.8,199.400,4.57,4.49
2006-03-01,4.7,199.700,4.72,4.59
2006-04-01,4.7,200.700,4.99,4.79
2006-05-01,4.6,201.300,5.11,4.94
2006-06-01,4.6,201.800,5.11,4.99
2006-07-01,4.7,202.900,5.09,5.24
2006-08-01,4.7,203.800,4.88,5.25
2006-09-01,4.5,202.800,4.72,5.25
2006-10-01,4.4,201.900,4.73,5.25
2006-11-01,4.5,202.000,4.60,5.25
2006-12-01,4.4,203.100,4.56,5.24
2007-01-01,4.6,203.437,4.76,5.25
2007-02-01,4.5,204.226,4.72,5.26
2007-03-01,4.4,205.288,4.56,5.26
2007-04-01,4.5,205.904,4.69,5.25
2007-05-01,4.4,206.755,4.75,5.25
2007-06-01,4.6,207.234,5.10,5.25
2007-07-01,4.7,207.603,5.00,5.26
2007-08-01,4.6,207.667,4.67,5.02
2007-09-01,4.7,208.547,4.52,4.94
2007-10-01,4.7,209.190,4.53,4.76
2007-11-01,4.7,210.834,4.15,4.49
2007-12-01,5.0,211.445,4.10,4.24
2008-01-01,5.0,212.174,3.74,3.94
2008-02-01,4.9,212.687,3.74,2.98
2008-03-01,5.1,213.448,3.51,2.61
2008-04-01,5.0,213.942,3.68,2.28
2008-05-01,5.4,215.208,3.88,1.98
2008-06-01,5.6,217.463,4.10,2.00
2008-07-01,5.8,219.016,4.01,2.01
2008-08-01,6.1,218.690,3.89,2.00
2008-09-01,6.1,218.877,3.69,1.81
2008-10-01,6.5,216.995,3.81,0.97
2008-11-01,6.8,213.153,3.53,0.39
2008-12-01,7.3,211.398,2.42,0.16
2009-01-01,7.8,211.933,2.52,0.15
2009-02-01,8.3,212.705,2.87,0.22
2009-03-01,8.7,212.495,2.82,0.18
2009-04-01,9.0,212.709,2.93,0.15
2009-05-01,9.4,213.022,3.29,0.18
2009-06-01,9.5,214.790,3.72,0.21
2009-07-01,9.5,214.726,3.56,0.16
2009-08-01,9.6,215.445,3.59,0.16
2009-09-01,9.8,215.861,3.40,0.15
2009-10-01,10.0,216.509,3.39,0.12
2009-11-01,9.9,217.234,3.40,0.12
2009-12-01,9.9,217.347,3.59,0.12
2010-01-01,9.8,217.488,3.73,0.11
2010-02-01,9.8,217.281,3.69,0.13
2010-03-01,9.9,217.353,3.73,0.16
2010-04-01,9.9,217.403,3.85,0.20
2010-05-01,9.6,217.290,3.42,0.20
2010-06-01,9.4,217.199,3.20,0.18
2010-07-01,9.4,217.605,3.01,0.18
2010-08-01,9.5,217.923,2.70,0.19
2010-09-01,9.5,218.275,2.65,0.19
2010-10-01,9.4,219.035,2.54,0.19
2010-11-01,9.8,219.590,2.76,0.19
2010-12-01,9.3,220.472,3.29,0.18
2011-01-01,9.1,221.187,3.39,0.17
2011-02-01,9.0,221.898,3.58,0.16
2011-03-01,9.0,223.046,3.41,0.14
2011-04-01,9.1,224.093,3.46,0.10
2011-05-01,9.0,224.806,3.17,0.09
2011-06-01,9.1,224.806,3.00,0.09
2011-07-01,9.0,225.395,3.00,0.07
2011-08-01,9.0,226.106,2.30,0.10
2011-09-01,9.0,226.597,1.98,0.08
2011-10-01,8.8,226.750,2.15,0.07
2011-11-01,8.6,227.169,2.01,0.08
2011-12-01,8.5,227.223,1.98,0.07
2012-01-01,8.3,227.842,1.97,0.08
2012-02-01,8.3,228.329,1.97,0.10
2012-03-01,8.2,228.807,2.17,0.13
2012-04-01,8.2,229.187,2.05,0.14
2012-05-01,8.2,228.713,1.80,0.16
2012-06-01,8.2,228.524,1.62,0.16
2012-07-01,8.2,228.590,1.53,0.16
2012-08-01,8.1,229.918,1.68,0.13
2012-09-01,7.8,231.015,1.72,0.14
2012-10-01,7.8,231.638,1.75,0.16
2012-11-01,7.7,231.249,1.65,0.16
2012-12-01,7.9,231.221,1.72,0.16
2013-01-01,8.0,231.679,1.91,0.14
2013-02-01,7.7,232.937,1.98,0.15
2013-03-01,7.5,232.282,1.96,0.14
2013-04-01,7.6,231.797,1.76,0.15
2013-05-01,7.5,231.893,1.93,0.11
2013-06-01,7.5,232.445,2.30,0.09
2013-07-01,7.3,232.900,2.58,0.09
2013-08-01,7.2,233.456,2.74,0.08
2013-09-01,7.2,233.544,2.81,0.08
2013-10-01,7.2,233.669,2.62,0.09
2013-11-01,6.9,234.100,2.72,0.08
2013-12-01,6.7,234.719,2.90,0.09
2014-01-01,6.6,235.288,2.86,0.07
2014-02-01,6.7,235.547,2.71,0.07
2014-03-01,6.7,236.028,2.72,0.08
2014-04-01,6.2,236.468,2.71,0.09
2014-05-01,6.3,236.918,2.56,0.09
2014-06-01,6.1,237.231,2.60,0.10
2014-07-01,6.2,237.498,2.54,0.09
2014-08-01,6.1,237.460,2.42,0.09
2014-09-01,5.9,237.477,2.53,0.09
2014-10-01,5.7,237.430,2.30,0.09
2014-11-01,5.8,236.983,2.33,0.09
2014-12-01,5.6,236.252,2.21,0.12
2015-01-01,5.7,234.747,1.88,0.11
2015-02-01,5.5,235.342,1.98,0.11
2015-03-01,5.4,235.976,2.04,0.11
2015-04-01,5.4,236.222,1.94,0.12
2015-05-01,5.6,237.001,2.20,0.12
2015-06-01,5.3,237.657,2.36,0.13
2015-07-01,5.2,238.034,2.32,0.13
2015-08-01,5.1,238.033,2.17,0.14
2015-09-01,5.0,237.498,2.17,0.14
2015-10-01,5.0,237.733,2.07,0.12
2015-11-01,5.1,238.017,2.26,0.12
2015-12-01,5.0,237.761,2.24,0.24
2016-01-01,4.8,237.652,2.09,0.34
2016-02-01,4.9,237.336,1.78,0.38
2016-03-01,5.0,238.080,1.89,0.36
2016-04-01,5.1,238.992,1.81,0.37
2016-05-01,4.8,239.557,1.81,0.37
2016-06-01,4.9,240.222,1.64,0.38
2016-07-01,4.8,240.101,1.50,0.39
2016-08-01,4.9,240.545,1.56,0.40
2016-09-01,5.0,241.176,1.63,0.40
2016-10-01,4.9,241.741,1.76,0.40
2016-11-01,4.7,242.026,2.14,0.41
2016-12-01,4.7,242.637,2.49,0.54
2017-01-01,4.7,243.618,2.43,0.65
2017-02-01,4.6,244.006,2.42,0.66
2017-03-01,4.4,243.892,2.48,0.79
2017-04-01,4.4,244.193,2.30,0.90
2017-05-01,4.4,244.004,2.30,0.91
2017-06-01,4.3,244.163,2.19,1.04
2017-07-01,4.3,244.243,2.32,1.15
2017-08-01,4.4,245.183,2.21,1.16
2017-09-01,4.3,246.435,2.20,1.15
2017-10-01,4.2,246.626,2.36,1.15
2017-11-01,4.2,247.284,2.35,1.16
2017-12-01,4.1,247.805,2.40,1.30
2018-01-01,4.0,248.859,2.58,1.41
2018-02-01,4.1,249.529,2.86,1.42
2018-03-01,4.0,249.577,2.84,1.51
2018-04-01,4.0,250.227,2.87,1.69
2018-05-01,3.8,250.792,2.98,1.70
2018-06-01,4.0,251.018,2.91,1.82
2018-07-01,3.8,251.214,2.89,1.91
2018-08-01,3.8,251.663,2.89,1.91
2018-09-01,3.7,252.182,3.00,1.95
2018-10-01,3.8,252.772,3.15,2.19
2018-11-01,3.8,252.594,3.12,2.20
2018-12-01,3.9,252.767,2.83,2.27
2019-01-01,4.0,252.561,2.71,2.40
2019-02-01,3.8,253.319,2.68,2.40
2019-03-01,3.8,254.277,2.57,2.41
2019-04-01,3.7,255.233,2.53,2.42
2019-05-01,3.6,255.296,2.40,2.39
2019-06-01,3.6,255.213,2.07,2.38
2019-07-01,3.7,255.802,2.06,2.40
2019-08-01,3.6,256.036,1.63,2.13
2019-09-01,3.5,256.430,1.70,2.04
2019-10-01,3.6,257.155,1.71,1.83
2019-11-01,3.6,257.879,1.81,1.55
2019-12-01,3.6,258.630,1.86,1.55
